ts_code,trade_date,buy_elg_amount,circ_mv,fac_1
002004.SZ,20240102,162.76,879018.4574,0.00018516107213654965
002098.SZ,20240102,240.83,246304.0,0.0009777754319864882
002194.SZ,20240102,0.0,496460.173,0.0
002210.SZ,20240102,0.0,484342.6177,0.0
002272.SZ,20240102,117.64,232031.8516,0.0005069993588759519
002300.SZ,20240102,460.74,605265.6807,0.0007612194358469927
002385.SZ,20240102,1445.21,1954905.5489,0.0007392735678781008
002444.SZ,20240102,1634.4,2604085.8521,0.0006276290770836066
002595.SZ,20240102,31.11,1583618.6577,1.9644880949548312e-05
002698.SZ,20240102,1390.7,1259625.5513,0.001104058264430032
002747.SZ,20240102,319.61,1433481.4171,0.00022296068591289172
002937.SZ,20240102,14.11,766798.9819,1.840117205820719e-05
002979.SZ,20240102,411.28,455075.0346,0.0009037630472555041
003001.SZ,20240102,0.0,91837.7604,0.0
003012.SZ,20240102,0.0,963676.916,0.0
300063.SZ,20240102,1577.72,420824.3114,0.0037491179983191437
300148.SZ,20240102,1122.15,298013.4991,0.003765433456500763
300154.SZ,20240102,0.0,240529.6229,0.0
300223.SZ,20240102,1574.0,2633298.695,0.0005977293813985656
300296.SZ,20240102,1188.61,1253200.019,0.0009484599281673006
300425.SZ,20240102,0.0,324732.9837,0.0
300534.SZ,20240102,202.56,298490.564,0.0006786144167693019
300690.SZ,20240102,0.0,204933.9601,0.0
300757.SZ,20240102,238.95,810368.0,0.000294866036171221
300814.SZ,20240102,154.84,167779.188,0.0009228796601399693
301267.SZ,20240102,465.84,1029890.862,0.00045231977211193083
301277.SZ,20240102,0.0,104383.44,0.0
301315.SZ,20240102,0.0,114070.0,0.0
301383.SZ,20240102,3890.35,189761.8,0.020501228382108518
600561.SH,20240102,0.0,186047.8272,0.0
600592.SH,20240102,8178.79,505834.8209,0.016168894789504597
600601.SH,20240102,37.38,1205214.7599,3.101521923204917e-05
600629.SH,20240102,456.76,488388.6792,0.0009352387134529632
600817.SH,20240102,0.0,507462.0592,0.0
600959.SH,20240102,662.27,1555223.2003,0.000425835982817289
601188.SH,20240102,438.74,534246.6998,0.0008212310907381295
601336.SH,20240102,817.39,6506570.7408,0.0001256253151717059
603338.SH,20240102,0.0,2604147.1417,0.0
603368.SH,20240102,189.4,698132.273,0.0002712952936355658
603636.SH,20240102,1.26,744399.9083,1.6926385749797923e-06
603668.SH,20240102,1325.77,816880.81,0.0016229662684816893
603733.SH,20240102,0.0,1137326.6127,0.0
603927.SH,20240102,0.0,1758243.2,0.0
603988.SH,20240102,0.0,270009.6,0.0
688128.SH,20240102,187.14,827202.5,0.0002262323917057794
688296.SH,20240102,0.0,105305.8417,0.0
688737.SH,20240102,0.0,231938.9885,0.0
002004.SZ,20240103,0.0,888429.7899,0.0
002098.SZ,20240103,0.0,244872.0,0.0
002194.SZ,20240103,140.17,494425.5001,0.0002835007498028518
002210.SZ,20240103,0.0,476358.9481,0.0
002272.SZ,20240103,319.2,233708.3824,0.0013658046695718346
002300.SZ,20240103,788.33,625489.355,0.001260341193176661
002385.SZ,20240103,1598.02,1928443.2065,0.0008286580567235388
002444.SZ,20240103,885.28,2538465.6515,0.0003487461015975854
002595.SZ,20240103,0.0,1583085.2732,0.0
002698.SZ,20240103,0.0,1247004.5285,0.0
002747.SZ,20240103,0.0,1403584.4392,0.0
002937.SZ,20240103,737.76,736289.7385,0.0010019968518140635
002979.SZ,20240103,580.06,443042.8335,0.0013092639269606872
003001.SZ,20240103,0.0,91344.009,0.0
003012.SZ,20240103,0.0,967176.9532,0.0
300063.SZ,20240103,924.23,412755.4086,0.0022391711428684596
300148.SZ,20240103,969.9,301965.9328,0.0032119517291455202
300154.SZ,20240103,0.0,238293.6237,0.0
300223.SZ,20240103,444.62,2586312.6296,0.0001719127049496584
300296.SZ,20240103,223.22,1225935.137,0.00018208141137568193
300425.SZ,20240103,146.1,326749.9587,0.0004471308904866282
300534.SZ,20240103,5107.96,329182.1341,0.015517124020006162
300690.SZ,20240103,130.85,202522.9723,0.0006460995437405003
300757.SZ,20240103,1768.67,754312.0,0.0023447459406717645
300814.SZ,20240103,111.81,165239.388,0.0006766546484667444
301267.SZ,20240103,152.36,1010161.152,0.00015082741966303612
301277.SZ,20240103,0.0,104283.36,0.0
301315.SZ,20240103,120.62,113894.0,0.0010590549107064465
301383.SZ,20240103,1336.08,172761.7,0.007733658559738645
600561.SH,20240103,0.0,187470.2112,0.0
600592.SH,20240103,4110.36,511828.1245,0.008030742749854497
600601.SH,20240103,268.62,1196874.1734,0.00022443461975365573
600629.SH,20240103,16.89,490277.9971,3.444984294605213e-05
600817.SH,20240103,0.0,503769.5078,0.0
600959.SH,20240103,1095.38,1570225.3534,0.000697594136808567
601188.SH,20240103,308.39,521087.9141,0.0005918195215343606
601336.SH,20240103,1435.07,6573304.7997,0.00021831788479753674
603338.SH,20240103,1324.48,2563639.3114,0.000516640540699426
603368.SH,20240103,59.1,710019.9742,8.323709493749056e-05
603636.SH,20240103,597.34,737901.1789,0.000809512190901312
603668.SH,20240103,113.52,795074.0612,0.00014277915170401236
603733.SH,20240103,0.95,1127442.9549,8.426146936048408e-07
603927.SH,20240103,65.58,1725595.2,3.800427817601718e-05
603988.SH,20240103,0.92,271185.6,3.3925105167826023e-06
688128.SH,20240103,0.0,816685.5,0.0
688296.SH,20240103,0.0,102964.3777,0.0
688737.SH,20240103,273.36,229021.9645,0.0011935973066897695
002004.SZ,20240104,0.0,886547.5234,0.0
002098.SZ,20240104,0.0,248810.0,0.0
002194.SZ,20240104,299.05,491882.1591,0.0006079708207900319
002210.SZ,20240104,0.0,471036.5018,0.0
002272.SZ,20240104,546.9,229349.4025,0.002384571287470435
002300.SZ,20240104,2526.23,613932.9697,0.004114830322982082
002385.SZ,20240104,1324.42,1918519.8281,0.0006903342778123044
002444.SZ,20240104,1519.39,2544221.8095,0.0005971924280841678
002595.SZ,20240104,0.0,1564416.8148,0.0
002698.SZ,20240104,21.68,1255418.8641,1.7269136716009302e-05
002747.SZ,20240104,877.79,1368180.1231,0.0006415748812452544
002937.SZ,20240104,238.97,725829.4266,0.00032923713374284955
002979.SZ,20240104,868.97,436811.8722,0.001989346112832141
003001.SZ,20240104,0.0,91739.0101,0.0
003012.SZ,20240104,0.0,976510.3858,0.0
300063.SZ,20240104,2083.2,386050.2856,0.005396188210979528
300148.SZ,20240104,0.0,298013.4991,0.0
300154.SZ,20240104,0.0,238613.0522,0.0
300223.SZ,20240104,519.23,2510220.1519,0.000206846399351464
300296.SZ,20240104,476.35,1205014.7422,0.0003953063670659547
300425.SZ,20240104,0.0,327422.2838,0.0
300534.SZ,20240104,2218.01,317146.2243,0.006993650972498745
300690.SZ,20240104,0.0,197810.5872,0.0
300757.SZ,20240104,445.4,740792.0,0.0006012483936111621
300814.SZ,20240104,0.0,161937.648,0.0
301267.SZ,20240104,173.24,1003584.582,0.00017262122506381828
301277.SZ,20240104,318.15,104483.52,0.0030449778108547643
301315.SZ,20240104,0.0,113344.0,0.0
301383.SZ,20240104,1417.75,174360.0,0.008131165404909383
600561.SH,20240104,0.0,187470.2112,0.0
600592.SH,20240104,2265.41,495446.428,0.004572462070510678
600601.SH,20240104,395.84,1188533.5868,0.00033304906516420544
600629.SH,20240104,660.99,489333.3382,0.0013507969892904387
600817.SH,20240104,0.0,500076.9564,0.0
600959.SH,20240104,768.36,1575226.0711,0.00048777760481290446
601188.SH,20240104,9192.68,573723.057,0.01602285264264706
601336.SH,20240104,1686.0,6454434.7573,0.0002612157475281821
603338.SH,20240104,0.0,2569209.138,0.0
603368.SH,20240104,0.0,707498.3406,0.0
603636.SH,20240104,371.8,732584.0367,0.0005075185662996579
603668.SH,20240104,0.0,794637.9263,0.0
603733.SH,20240104,0.0,1119677.2239,0.0
603927.SH,20240104,245.71,1699476.8,0.0001445797906744005
603988.SH,20240104,238.67,270244.8,0.0008831622292084806
688128.SH,20240104,0.0,803337.0,0.0
688296.SH,20240104,0.0,103204.5278,0.0
688737.SH,20240104,0.0,233931.1026,0.0
002004.SZ,20240105,141.0,882782.9904,0.00015972215316032668
002098.SZ,20240105,0.0,244156.0,0.0
002194.SZ,20240105,0.0,478148.1174,0.0
002210.SZ,20240105,0.0,465714.0555,0.0
002272.SZ,20240105,284.75,220296.1366,0.0012925782739305653
002300.SZ,20240105,1636.37,597320.6658,0.0027395168017640683
002385.SZ,20240105,1072.98,1882134.1072,0.0005700869007661964
002444.SZ,20240105,312.17,2479752.8406,0.00012588754608482169
002595.SZ,20240105,116.06,1549482.048,7.490244895047664e-05
002698.SZ,20240105,1296.76,1218395.7876,0.001064317533922505
002747.SZ,20240105,103.72,1336709.62,7.759351653353104e-05
002937.SZ,20240105,129.74,715369.1146,0.0001813609189328007
002979.SZ,20240105,430.25,425639.1141,0.0010108328528729074
003001.SZ,20240105,0.0,90257.7559,0.0
003012.SZ,20240105,0.0,962510.2369,0.0
300063.SZ,20240105,1458.01,359318.9454,0.004057704217006755
300148.SZ,20240105,545.76,290108.6317,0.0018812263420151106
300154.SZ,20240105,0.0,234460.4823,0.0
300223.SZ,20240105,283.16,2479450.5161,0.00011420272280545071
300296.SZ,20240105,411.12,1186186.3869,0.0003465897135056727
300425.SZ,20240105,146.1,324732.9837,0.00044990810091214025
300534.SZ,20240105,525.12,303605.8257,0.001729611079725734
300690.SZ,20240105,149.21,190577.6239,0.0007829355668653607
300757.SZ,20240105,415.28,704496.0,0.0005894710544843406
300814.SZ,20240105,322.67,158280.336,0.002038598149046133
301267.SZ,20240105,202.8,990431.442,0.00020475925076700058
301277.SZ,20240105,102.9,102682.08,0.001002122278785159
301315.SZ,20240105,518.36,118118.0,0.004388492863069134
301383.SZ,20240105,3337.69,165642.0,0.020150022337329904
600561.SH,20240105,5.27,187185.7344,2.8153854869829225e-05
600592.SH,20240105,1280.25,448299.1067,0.002855794225030072
600601.SH,20240105,206.1,1201044.4667,0.00017160064070423814
600629.SH,20240105,310.4,478942.0897,0.0006480950550711225
600817.SH,20240105,0.0,491109.3317,0.0
600959.SH,20240105,783.04,1550222.4827,0.0005051145940266526
601188.SH,20240105,3064.25,597408.8712,0.005129234177331379
601336.SH,20240105,2052.48,6439836.6819,0.0003187161571610601
603338.SH,20240105,0.0,2546423.4835,0.0
603368.SH,20240105,116.4,698852.7397,0.00016655869453980764
603636.SH,20240105,1055.87,716041.8165,0.001474592650414014
603668.SH,20240105,0.0,768033.6927,0.0
603733.SH,20240105,0.0,1104851.7373,0.0
603927.SH,20240105,391.02,1667422.4,0.0002345056657509219
603988.SH,20240105,0.0,264129.6,0.0
688128.SH,20240105,196.0,787966.0,0.0002487416969767731
688296.SH,20240105,153.35,102664.19,0.0014937048643738386
688737.SH,20240105,353.37,234215.6903,0.001508737521159999
002004.SZ,20240108,0.0,865842.5918,0.0
002098.SZ,20240108,1.28,241292.0,5.304775956102979e-06
002194.SZ,20240108,259.53,466957.4168,0.0005557894374577583
002210.SZ,20240108,0.0,463052.8323,0.0
002272.SZ,20240108,0.0,216943.0752,0.0
002300.SZ,20240108,2326.17,614655.2438,0.0037845117624293826
002385.SZ,20240108,3489.87,1812670.4582,0.0019252644540064254
002444.SZ,20240108,777.68,2421040.0296,0.000321217324163156
002595.SZ,20240108,0.0,1515345.4384,0.0
002698.SZ,20240108,2065.37,1174641.2428,0.0017582985551203396
002747.SZ,20240108,161.54,1282423.0021,0.00012596467759504794
002937.SZ,20240108,0.0,701712.5961,0.0
002979.SZ,20240108,69.21,405227.3443,0.0001707930152629633
003001.SZ,20240108,0.0,89566.504,0.0
003012.SZ,20240108,0.0,946176.7298,0.0
300063.SZ,20240108,633.28,362644.5795,0.0017462828229037406
300148.SZ,20240108,208.42,288527.6583,0.0007223570912681545
300154.SZ,20240108,0.0,229669.0556,0.0
300223.SZ,20240108,661.76,2395873.5324,0.000276208235138814
300296.SZ,20240108,736.93,1148529.6762,0.0006416290456143809
300425.SZ,20240108,139.2,316665.0835,0.0004395811450427877
300534.SZ,20240108,366.5,291870.8136,0.0012556925287578668
300690.SZ,20240108,68.46,190248.8528,0.0003598444825944306
300757.SZ,20240108,537.98,704496.0,0.0007636381185982603
300814.SZ,20240108,0.0,154369.044,0.0
301267.SZ,20240108,0.0,975634.1595,0.0
301277.SZ,20240108,0.0,100530.36,0.0
301315.SZ,20240108,754.32,122210.0,0.006172326323541445
301383.SZ,20240108,657.6,169129.2,0.0038881517798227626
600561.SH,20240108,0.0,184340.9664,0.0
600592.SH,20240108,1545.27,458687.4995,0.0033688949484876906
600601.SH,20240108,1079.89,1246917.6928,0.0008660475396536134
600629.SH,20240108,0.0,475163.4539,0.0
600817.SH,20240108,0.0,485306.751,0.0
600959.SH,20240108,0.0,1525218.8942,0.0
601188.SH,20240108,1322.97,588197.7212,0.0022491926648423063
601336.SH,20240108,1816.8,6291770.4888,0.0002887581489557019
603338.SH,20240108,0.0,2524650.5247,0.0
603368.SH,20240108,144.59,677238.7375,0.00021349930533174795
603636.SH,20240108,118.08,695954.8349,0.00016966618245703633
603668.SH,20240108,256.23,738812.6493,0.0003468132282829338
603733.SH,20240108,0.0,1067435.0331,0.0
603927.SH,20240108,421.53,1615779.2,0.0002608834177343043
603988.SH,20240108,0.0,259660.8,0.0
688128.SH,20240108,186.01,765314.0,0.00024305056486618564
688296.SH,20240108,150.01,96060.0608,0.0015616271606607183
688737.SH,20240108,0.0,229733.4337,0.0
002004.SZ,20240109,171.82,863960.3253,0.00019887487303347815
002098.SZ,20240109,0.0,245230.0,0.0
002194.SZ,20240109,0.0,472552.7671,0.0
002210.SZ,20240109,0.0,465714.0555,0.0
002272.SZ,20240109,3.02,220966.7489,1.3667214705533463e-05
002300.SZ,20240109,4006.11,621155.7105,0.006449445657957933
002385.SZ,20240109,2377.21,1819286.0439,0.0013066719265893887
002444.SZ,20240109,167.17,2456728.2088,6.80457852037507e-05
002595.SZ,20240109,141.25,1509478.2086,9.357538200634611e-05
002698.SZ,20240109,119.99,1200725.683,9.993123466819357e-05
002747.SZ,20240109,392.57,1313106.7427,0.00029896274783632634
002937.SZ,20240109,0.0,705199.3668,0.0
002979.SZ,20240109,268.57,414896.0774,0.000647318725409574
003001.SZ,20240109,0.0,90356.5062,0.0
003012.SZ,20240109,1.88,964843.595,1.9485023373140595e-06
300063.SZ,20240109,1708.34,370772.8201,0.004607511412350152
300148.SZ,20240109,0.0,290899.1185,0.0
300154.SZ,20240109,0.0,235738.1961,0.0
300223.SZ,20240109,352.78,2396705.1442,0.00014719374256517273
300296.SZ,20240109,366.7,1142253.5577,0.0003210320489072266
300425.SZ,20240109,0.0,320699.0336,0.0
300534.SZ,20240109,122.85,290366.3249,0.00042308625162476614
300690.SZ,20240109,0.0,191344.7563,0.0
300757.SZ,20240109,2445.74,721344.0,0.0033905321178245053
300814.SZ,20240109,52.37,156756.456,0.00033408512374125116
301267.SZ,20240109,472.67,997995.6356,0.0004736193056754486
301277.SZ,20240109,0.0,101280.96,0.0
301315.SZ,20240109,302.93,120208.0,0.0025200485824570743
301383.SZ,20240109,1239.4,170814.68,0.007255816654634134
600561.SH,20240109,0.0,186616.7808,0.0
600592.SH,20240109,1907.27,481062.4995,0.003964703135210813
600601.SH,20240109,468.0,1188533.5868,0.00039376253662299954
600629.SH,20240109,0.0,477052.7718,0.0
600817.SH,20240109,0.0,490581.8243,0.0
600959.SH,20240109,82.49,1525218.8942,5.408404020805632e-05
601188.SH,20240109,11620.16,647412.2569,0.017948625278799535
601336.SH,20240109,526.87,6225036.4299,8.463725569048015e-05
603338.SH,20240109,515.67,2565664.7029,0.0002009888507321835
603368.SH,20240109,132.81,683722.9382,0.00019424534790311648
603636.SH,20240109,413.22,694773.2477,0.0005947551972790217
603668.SH,20240109,377.37,748843.7538,0.0005039369001678118
603733.SH,20240109,0.0,1066729.0576,0.0
603927.SH,20240109,111.67,1613404.8,6.921387614565173e-05
603988.SH,20240109,0.0,260836.8,0.0
688128.SH,20240109,0.0,763696.0,0.0
688296.SH,20240109,0.0,97861.1869,0.0
688737.SH,20240109,0.0,228025.9074,0.0
002004.SZ,20240110,0.0,867724.8583,0.0
002098.SZ,20240110,0.0,243798.0,0.0
002194.SZ,20240110,0.0,463396.7393,0.0
002210.SZ,20240110,0.0,465714.0555,0.0
002272.SZ,20240110,0.0,219625.5243,0.0
002300.SZ,20240110,1056.7,617544.3401,0.0017111321914615666
002385.SZ,20240110,1335.21,1822593.8367,0.0007325877949952578
002444.SZ,20240110,1028.69,2412981.4084,0.0004263149299115835
002595.SZ,20240110,132.74,1514278.6693,8.765889838583096e-05
002698.SZ,20240110,402.84,1183055.5783,0.0003405080939467474
002747.SZ,20240110,313.88,1302878.8292,0.00024091265662266545
002937.SZ,20240110,0.0,689799.463,0.0
002979.SZ,20240110,279.58,405227.3443,0.000689933697546876
003001.SZ,20240110,0.0,89369.0034,0.0
003012.SZ,20240110,0.0,969510.3113,0.0
300063.SZ,20240110,1016.63,352015.3418,0.0028880275353953336
300148.SZ,20240110,214.2,282203.7644,0.000759026019569284
300154.SZ,20240110,0.0,228391.3418,0.0
300223.SZ,20240110,558.14,2372588.4026,0.00023524518597004118
300296.SZ,20240110,273.14,1121333.1629,0.00024358505485881047
300425.SZ,20240110,0.0,318009.7335,0.0
300534.SZ,20240110,22.49,286755.5519,7.84291702496589e-05
300690.SZ,20240110,0.0,188604.9975,0.0
300757.SZ,20240110,987.11,716976.0,0.0013767685389748053
300814.SZ,20240110,6.05,152438.796,3.968805946223821e-05
301267.SZ,20240110,364.04,1002270.411,0.0003632153518697461
301277.SZ,20240110,0.0,99579.6,0.0
301315.SZ,20240110,152.91,110264.0,0.00138676267866212
301383.SZ,20240110,1081.58,162300.1,0.00666407476027433
600561.SH,20240110,0.0,184056.4896,0.0
600592.SH,20240110,1081.13,445901.7852,0.0024245922216146357
600601.SH,20240110,165.41,1146830.6539,0.0001442322800123053
600629.SH,20240110,136.42,470440.1591,0.0002899837468403747
600817.SH,20240110,0.0,485306.751,0.0
600959.SH,20240110,294.94,1500215.3058,0.00019659844747599162
601188.SH,20240110,2258.29,619778.8069,0.003643703164513611
601336.SH,20240110,500.67,6106166.3875,8.199416265906658e-05
603338.SH,20240110,280.34,2592501.1405,0.0001081349572505617
603368.SH,20240110,0.0,672195.4703,0.0
603636.SH,20240110,0.0,672323.0918,0.0
603668.SH,20240110,860.16,741865.5942,0.0011594553066281018
603733.SH,20240110,0.0,1065317.1065,0.0
603927.SH,20240110,1139.73,1592628.8,0.0007156281488818989
603988.SH,20240110,0.0,259190.4,0.0
688128.SH,20240110,2.99,754797.0,3.961329999986752e-06
688296.SH,20240110,0.0,96720.4737,0.0
688737.SH,20240110,0.0,228666.2298,0.0
002004.SZ,20240111,195.45,873371.6579,0.00022378788941921306
002098.SZ,20240111,0.0,246662.0,0.0
002194.SZ,20240111,219.75,476622.1128,0.00046105708085812506
002210.SZ,20240111,1441.06,492326.2872,0.0029270425680410425
002272.SZ,20240111,0.0,221302.055,0.0
002300.SZ,20240111,2686.34,636323.4662,0.004221657918797652
002385.SZ,20240111,1964.25,1842440.5935,0.0010661130713954822
002444.SZ,20240111,951.93,2503928.7039,0.00038017456268515915
002595.SZ,20240111,765.25,1531880.3587,0.0004995494561007456
002698.SZ,20240111,0.0,1187262.7461,0.0
002747.SZ,20240111,394.71,1332775.8071,0.00029615633619494737
002937.SZ,20240111,36.25,693286.2337,5.228720582916718e-05
002979.SZ,20240111,57.37,407590.8124,0.00014075390871101981
003001.SZ,20240111,0.0,90356.5062,0.0
003012.SZ,20240111,0.0,973010.3486,0.0
300063.SZ,20240111,1632.43,369522.3215,0.004417676294556403
300148.SZ,20240111,327.88,290899.1185,0.0011271261380601263
300154.SZ,20240111,0.0,232863.3401,0.0
300223.SZ,20240111,748.25,2411258.3503,0.00031031515138429917
300296.SZ,20240111,371.77,1140161.5182,0.00032606783693850855
300425.SZ,20240111,143.59,322716.0086,0.0004449422903528065
300534.SZ,20240111,0.0,292472.6091,0.0
300690.SZ,20240111,0.0,193426.973,0.0
300757.SZ,20240111,490.82,740480.0,0.0006628403197925669
300814.SZ,20240111,130.09,157416.804,0.0008264047845870381
301267.SZ,20240111,0.0,1024959.6034,0.0
301277.SZ,20240111,265.41,102431.88,0.0025910878527271005
301315.SZ,20240111,146.13,114818.0,0.0012727098538556673
301383.SZ,20240111,829.37,165206.1,0.005020214144635095
600561.SH,20240111,0.0,186901.2576,0.0
600592.SH,20240111,850.22,453493.3031,0.0018748237166636122
600601.SH,20240111,567.18,1155171.2405,0.0004909921404851664
600629.SH,20240111,0.0,477997.4307,0.0
600817.SH,20240111,0.0,495329.3904,0.0
600959.SH,20240111,493.01,1520218.1765,0.00032430213479953086
601188.SH,20240111,1953.85,615831.1712,0.0031727039672135387
601336.SH,20240111,1525.69,6097824.6302,0.0002502023414126883
603338.SH,20240111,199.21,2646680.3635,7.526787244401605e-05
603368.SH,20240111,984.18,673636.4038,0.0014609958643093154
603636.SH,20240111,113.25,702453.5642,0.00016122062122209672
603668.SH,20240111,508.25,752768.9686,0.000675173952700579
603733.SH,20240111,0.0,1080848.5686,0.0
603927.SH,20240111,25.65,1628838.4,1.5747418528443338e-05
603988.SH,20240111,0.0,259896.0,0.0
688128.SH,20240111,0.0,773808.5,0.0
688296.SH,20240111,0.0,97440.9242,0.0
688737.SH,20240111,72.43,234713.7188,0.00030858869421994774
002004.SZ,20240112,0.0,871489.3914,0.0
002098.SZ,20240112,0.0,242366.0,0.0
002194.SZ,20240112,84.36,466957.4168,0.00018065887159070818
002210.SZ,20240112,181.43,489665.064,0.00037051857144539927
002272.SZ,20240112,0.0,218284.2997,0.0
002300.SZ,20240112,1566.95,617544.3401,0.002537388650904421
002385.SZ,20240112,380.04,1842440.5935,0.00020626987993032408
002444.SZ,20240112,2948.29,2537314.42,0.0011619726655713407
002595.SZ,20240112,255.17,1525479.7444,0.00016727196866213597
002698.SZ,20240112,975.3,1157812.5717,0.0008423643203044346
002747.SZ,20240112,326.88,1307599.4046,0.0002499848186302853
002937.SZ,20240112,2.18,692995.6695,3.145762803356162e-06
002979.SZ,20240112,0.0,392335.7003,0.0
003001.SZ,20240112,0.0,90405.8813,0.0
003012.SZ,20240112,169.6,974177.0276,0.00017409566761990845
300063.SZ,20240112,1396.88,355141.5882,0.003933304480277706
300148.SZ,20240112,208.97,280622.7909,0.0007446651048184696
300154.SZ,20240112,0.0,228391.3418,0.0
300223.SZ,20240112,809.37,2350550.6905,0.00034433207642411404
300296.SZ,20240112,215.4,1125517.2419,0.00019137867638205214
300425.SZ,20240112,0.0,323388.3337,0.0
300534.SZ,20240112,852.02,292773.5069,0.002910167689083346
300690.SZ,20240112,104.07,194632.4669,0.0005347001024935372
300757.SZ,20240112,461.92,728728.0,0.000633871622882612
300814.SZ,20240112,0.0,154826.208,0.0
301267.SZ,20240112,56.95,1010819.9618,5.634039903464835e-05
301277.SZ,20240112,0.0,100330.2,0.0
301315.SZ,20240112,133.41,112024.0,0.0011909055202456616
301383.SZ,20240112,240.86,159306.92,0.0015119242779911882
600561.SH,20240112,1994.7,194866.608,0.010236232982512838
600592.SH,20240112,954.88,430718.7495,0.0022169455151615125
600601.SH,20240112,596.07,1138490.0674,0.0005235618799567228
600629.SH,20240112,0.0,477997.4307,0.0
600817.SH,20240112,0.0,495329.3904,0.0
600959.SH,20240112,310.02,1505216.0235,0.0002059637920138046
601188.SH,20240112,402.18,589513.5998,0.0006822234468152129
601336.SH,20240112,1817.73,5962271.0731,0.0003048720827540128
603338.SH,20240112,0.0,2642123.2326,0.0
603368.SH,20240112,0.0,670754.5368,0.0
603636.SH,20240112,0.0,682366.5826,0.0
603668.SH,20240112,494.5,768469.8277,0.000643486552334812
603733.SH,20240112,224.87,1085084.4219,0.0002072373314568917
603927.SH,20240112,400.65,1596784.0,0.00025091058026633533
603988.SH,20240112,37.67,257779.2,0.00014613281443964446
688128.SH,20240112,0.0,766527.5,0.0
688296.SH,20240112,0.0,96420.286,0.0
688737.SH,20240112,0.0,234073.3964,0.0
002004.SZ,20240115,0.0,869607.1248,0.0
002098.SZ,20240115,0.0,243440.0,0.0
002194.SZ,20240115,292.49,466957.4168,0.0006263740321427957
002210.SZ,20240115,0.0,484342.6177,0.0
002272.SZ,20240115,0.0,217613.6875,0.0
002300.SZ,20240115,677.04,625489.355,0.0010824165025158582
002385.SZ,20240115,482.38,1809362.6654,0.00026660216286344073
002444.SZ,20240115,529.73,2530407.0304,0.00020934576676237803
002595.SZ,20240115,590.37,1533480.5123,0.0003849869595763757
002698.SZ,20240115,147.02,1144349.6348,0.00012847472094985632
002747.SZ,20240115,909.72,1292650.9157,0.0007037630878924229
002937.SZ,20240115,0.0,685440.9997,0.0
002979.SZ,20240115,183.31,395128.8898,0.0004639245692533009
003001.SZ,20240115,0.0,90702.1322,0.0
003012.SZ,20240115,0.0,982343.7812,0.0
300063.SZ,20240115,1063.16,358893.0839,0.0029623306987332
300148.SZ,20240115,0.0,279041.8175,0.0
300154.SZ,20240115,247.22,230307.9125,0.0010734325074480452
300223.SZ,20240115,123.08,2359282.6142,5.2168400368488585e-05
300296.SZ,20240115,174.3,1112965.005,0.0001566086976831765
300425.SZ,20240115,0.0,320699.0336,0.0
300534.SZ,20240115,230.72,290065.4271,0.0007954067546300833
300690.SZ,20240115,14.7,190796.8046,7.7045315464366e-05
300757.SZ,20240115,248.08,734968.0,0.0003375385050777721
300814.SZ,20240115,0.0,155740.536,0.0
301267.SZ,20240115,1626.09,1027261.4055,0.00158293691488247
301277.SZ,20240115,0.0,100380.24,0.0
301315.SZ,20240115,162.12,108218.0,0.0014980871943669261
301383.SZ,20240115,993.12,167618.08,0.005924897839182981
600561.SH,20240115,77.47,195151.0848,0.0003969744778994946
600592.SH,20240115,211.53,415535.7138,0.0005090537178275144
600601.SH,20240115,526.34,1134319.7741,0.000464013774614493
600629.SH,20240115,135.45,469495.5001,0.0002885011676813726
600817.SH,20240115,0.0,490581.8243,0.0
600959.SH,20240115,501.35,1500215.3058,0.00033418536530171696
601188.SH,20240115,573.08,588197.7212,0.0009742982322863171
601336.SH,20240115,152.01,5947672.9977,2.555789466885337e-05
603338.SH,20240115,138.73,2650731.1466,5.2336503525808e-05
603368.SH,20240115,0.0,681201.3046,0.0
603636.SH,20240115,0.0,685911.3441,0.0
603668.SH,20240115,0.0,758874.8582,0.0
603733.SH,20240115,0.0,1080848.5686,0.0
603927.SH,20240115,251.26,1587880.0,0.0001582361387510391
603988.SH,20240115,0.0,259425.6,0.0
688128.SH,20240115,0.0,770977.0,0.0
688296.SH,20240115,0.0,96060.0608,0.0
688737.SH,20240115,0.0,234429.1311,0.0
002004.SZ,20240116,139.2,865842.5918,0.00016076825201058443
002098.SZ,20240116,0.0,240576.0,0.0
002194.SZ,20240116,145.6,463905.4075,0.0003138570873416689
002210.SZ,20240116,271.47,476358.9481,0.0005698853796759403
002272.SZ,20240116,16.07,216607.769,7.418939807279027e-05
002300.SZ,20240116,1825.08,636323.4662,0.0028681639086784315
002385.SZ,20240116,2297.65,1789515.9086,0.0012839505862775654
002444.SZ,20240116,431.7,2511987.325,0.00017185596268882446
002595.SZ,20240116,103.05,1533480.5123,6.720007145408052e-05
002698.SZ,20240116,134.3,1131728.1315,0.00011866807607052933
002747.SZ,20240116,281.0,1280849.477,0.00021938565385384469
002937.SZ,20240116,0.0,683697.6144,0.0
002979.SZ,20240116,143.15,390831.6751,0.00036627021073297857
003001.SZ,20240116,0.0,89220.878,0.0
003012.SZ,20240116,0.0,985843.8184,0.0
300063.SZ,20240116,596.73,352015.3418,0.0016951817978974235
300148.SZ,20240116,0.0,275879.8705,0.0
300154.SZ,20240116,0.0,228391.3418,0.0
300223.SZ,20240116,612.3,2344729.4081,0.0002611388750807556
300296.SZ,20240116,213.41,1100412.7681,0.00019393631752245025
300425.SZ,20240116,0.0,316665.0835,0.0
300534.SZ,20240116,0.0,283445.6767,0.0
300690.SZ,20240116,0.36,200659.9363,1.794080107061212e-06
300757.SZ,20240116,131.0,723112.0,0.00018116142450961954
300814.SZ,20240116,7.91,154369.044,5.1240843339031114e-05
301267.SZ,20240116,0.0,1033509.1541,0.0
301277.SZ,20240116,0.0,99529.56,0.0
301315.SZ,20240116,280.66,110594.0,0.002537750691719262
301383.SZ,20240116,14.56,164334.3,8.8599884503722e-05
600561.SH,20240116,273.2,193159.7472,0.0014143733565623552
600592.SH,20240116,199.34,407544.6424,0.0004891243296098843
600601.SH,20240116,388.97,1121808.8942,0.0003467346372551162
600629.SH,20240116,0.0,469495.5001,0.0
600817.SH,20240116,0.0,487944.2877,0.0
600959.SH,20240116,109.49,1490213.8704,7.347267541578507e-05
601188.SH,20240116,265.82,563196.0284,0.0004719848624557524
601336.SH,20240116,1796.15,6114508.1449,0.000293752164104669
603338.SH,20240116,449.19,2727696.0242,0.00016467744059998107
603368.SH,20240116,0.0,677959.2042,0.0
603636.SH,20240116,109.77,679412.6147,0.00016156603163523803
603668.SH,20240116,156.52,746663.0789,0.00020962600726232323
603733.SH,20240116,0.0,1077318.6908,0.0
603927.SH,20240116,638.98,1549296.0,0.00041243248546436577
603988.SH,20240116,0.0,258955.2,0.0
688128.SH,20240116,0.0,756819.5,0.0
688296.SH,20240116,0.0,95639.798,0.0
688737.SH,20240116,0.0,233433.074,0.0
002004.SZ,20240117,206.07,850784.4598,0.00024221175836761566
002098.SZ,20240117,76.91,240934.0,0.00031921605086870263
002194.SZ,20240117,7.74,453223.3751,1.707767168516459e-05
002210.SZ,20240117,0.0,465714.0555,0.0
002272.SZ,20240117,127.4,211578.1769,0.0006021414961913306
002300.SZ,20240117,2630.26,632712.0958,0.004157119829792892
002385.SZ,20240117,1800.7,1729975.6381,0.0010408817097434246
002444.SZ,20240117,2947.01,2531558.262,0.0011641090960599824
002595.SZ,20240117,143.63,1506277.9014,9.535425027911785e-05
002698.SZ,20240117,383.24,1102277.9571,0.0003476799998870267
002747.SZ,20240117,328.85,1220268.7585,0.00026948981337868123
002937.SZ,20240117,0.0,667716.5822,0.0
002979.SZ,20240117,236.87,376006.2845,0.0006299628749955109
003001.SZ,20240117,0.0,86949.6215,0.0
003012.SZ,20240117,0.0,966010.2741,0.0
300063.SZ,20240117,961.09,345762.8491,0.002779621935964664
300148.SZ,20240117,104.7,269555.9766,0.00038841654086329766
300154.SZ,20240117,0.0,222641.6297,0.0
300223.SZ,20240117,501.3,2267805.3186,0.0002210507206630378
300296.SZ,20240117,103.0,1071124.2153,9.616064927740598e-05
300425.SZ,20240117,0.0,309941.8333,0.0
300534.SZ,20240117,346.57,279233.1083,0.0012411493827145137
300690.SZ,20240117,1239.67,199673.6232,0.006208481521659492
300757.SZ,20240117,874.69,707200.0,0.001236835407239819
300814.SZ,20240117,323.87,157010.436,0.002062729129673903
301267.SZ,20240117,185.63,978265.9031,0.00018975413475187287
301277.SZ,20240117,0.0,96777.36,0.0
301315.SZ,20240117,613.3,114906.0,0.005337406227699163
301383.SZ,20240117,0.0,156168.44,0.0
600561.SH,20240117,0.0,191168.4096,0.0
600592.SH,20240117,202.94,401950.8924,0.0005048875468052076
600601.SH,20240117,221.05,1096787.1345,0.00020154321020620982
600629.SH,20240117,160.11,452491.639,0.00035384079218312364
600817.SH,20240117,0.0,479504.1702,0.0
600959.SH,20240117,208.88,1475211.7174,0.00014159323542260253
601188.SH,20240117,9031.36,619778.8069,0.014571908396114603
601336.SH,20240117,1080.45,6003979.8599,0.00017995563363165507
603338.SH,20240117,815.64,2759595.9406,0.00029556500935519605
603368.SH,20240117,101.03,667152.2031,0.00015143470939697477
603636.SH,20240117,0.0,661688.8074,0.0
603668.SH,20240117,945.8,707847.066,0.001336164329033187
603733.SH,20240117,1.98,1054021.4976,1.8785195600928891e-06
603927.SH,20240117,100.96,1506556.8,6.701373622288916e-05
603988.SH,20240117,0.0,255897.6,0.0
688128.SH,20240117,0.0,732145.0,0.0
688296.SH,20240117,0.0,92517.8461,0.0
688737.SH,20240117,0.0,225251.1772,0.0
002004.SZ,20240118,148.27,839490.8608,0.00017661895670752727
002098.SZ,20240118,0.0,236638.0,0.0
002194.SZ,20240118,116.52,454749.3797,0.0002562290465945632
002210.SZ,20240118,0.0,457730.3859,0.0
002272.SZ,20240118,108.22,206213.2786,0.0005247964667198691
002300.SZ,20240118,699.17,618988.8883,0.001129535623684959
002385.SZ,20240118,4130.98,1693589.9172,0.002439185518315862
002444.SZ,20240118,318.04,2499323.7775,0.0001272504198388118
002595.SZ,20240118,140.45,1511611.7467,9.291407023438156e-05
002698.SZ,20240118,599.74,1099753.6564,0.0005453403100865562
002747.SZ,20240118,413.75,1224989.3339,0.00033775804290698896
002937.SZ,20240118,0.0,668297.7106,0.0
002979.SZ,20240118,99.28,372998.2342,0.00026616747988883645
003001.SZ,20240118,0.0,84628.99,0.0
003012.SZ,20240118,0.0,954343.4834,0.0
300063.SZ,20240118,2676.48,348889.0955,0.007671434947441629
300148.SZ,20240118,102.9,271136.9501,0.00037951300979836464
300154.SZ,20240118,0.0,217530.7745,0.0
300223.SZ,20240118,2954.53,2282358.5247,0.0012945074001414183
300296.SZ,20240118,412.19,1064848.0968,0.0003870880750396999
300425.SZ,20240118,0.0,301873.9331,0.0
300534.SZ,20240118,100.71,275020.5398,0.00036619083095843733
300690.SZ,20240118,622.9,208440.8514,0.002988377737935108
300757.SZ,20240118,3312.29,738816.0,0.004483240752772003
300814.SZ,20240118,390.61,156451.68,0.002496681403485089
301267.SZ,20240118,0.0,980896.5341,0.0
301277.SZ,20240118,0.0,96126.84,0.0
301315.SZ,20240118,831.7,119570.0,0.006955758133311032
301383.SZ,20240118,861.13,161573.6,0.005329645437125867
600561.SH,20240118,115.65,185194.3968,0.000624478936719105
600592.SH,20240118,263.75,402749.9996,0.0006548727504952182
600601.SH,20240118,124.95,1088446.5479,0.00011479663401117211
600629.SH,20240118,70.7,452491.639,0.0001562459809340256
600817.SH,20240118,0.0,470009.0382,0.0
600959.SH,20240118,212.67,1455208.8466,0.00014614397135977387
601188.SH,20240118,683.42,625042.3212,0.0010933979617378906
601336.SH,20240118,2434.73,6066543.0401,0.00040133729933281183
603338.SH,20240118,208.15,2786938.726,7.468768439654601e-05
603368.SH,20240118,214.4,653103.1016,0.00032827894933396223
603636.SH,20240118,0.0,659325.633,0.0
603668.SH,20240118,2304.98,716569.7656,0.0032166860934608205
603733.SH,20240118,144.7,1046255.7666,0.00013830270247420397
603927.SH,20240118,467.28,1500027.2,0.00031151435120643144
603988.SH,20240118,100.39,253075.2,0.0003966805123536403
688128.SH,20240118,0.0,718796.5,0.0
688296.SH,20240118,12.28,91317.0953,0.00013447646313822248
688737.SH,20240118,0.0,230231.4622,0.0
002004.SZ,20240119,129.88,835726.3278,0.000155409726461414
002098.SZ,20240119,0.0,236280.0,0.0
002194.SZ,20240119,437.41,458818.7254,0.0009533394689126174
002210.SZ,20240119,52.02,452407.9396,0.00011498471942378795
002272.SZ,20240119,0.0,203530.8294,0.0
002300.SZ,20240119,245.05,611043.8734,0.00040103503310896625
002385.SZ,20240119,1605.69,1706821.0884,0.0009407488640213593
002444.SZ,20240119,1637.65,2554582.8938,0.0006410635583502082
002595.SZ,20240119,0.0,1483342.3668,0.0
002698.SZ,20240119,199.99,1074510.6497,0.00018612193378989459
002747.SZ,20240119,806.61,1197452.6437,0.0006736049264609429
002937.SZ,20240119,49.04,655222.3206,7.484482511995792e-05
002979.SZ,20240119,6.25,364403.8049,1.715130280188795e-05
003001.SZ,20240119,0.0,84579.6148,0.0
003012.SZ,20240119,0.0,941510.0135,0.0
300063.SZ,20240119,690.17,337634.6085,0.0020441328661957945
300148.SZ,20240119,396.89,277363.7499,0.0014309368118331745
300154.SZ,20240119,0.0,213058.7762,0.0
300223.SZ,20240119,2485.64,2259905.0067,0.0010998869388893593
300296.SZ,20240119,0.0,1056479.9389,0.0
300425.SZ,20240119,0.0,297839.983,0.0
300534.SZ,20240119,207.8,269002.5849,0.0007724832833009703
300690.SZ,20240119,778.8,190906.3949,0.004079486181738168
300757.SZ,20240119,929.96,670696.0,0.0013865596335746748
300814.SZ,20240119,1459.26,165645.756,0.008809522412394315
301267.SZ,20240119,102.55,988130.7694,0.00010378181023779786
301277.SZ,20240119,0.0,94275.36,0.0
301315.SZ,20240119,534.2,114576.0,0.004662407484988131
301383.SZ,20240119,560.59,159975.3,0.0035042284652693264
600561.SH,20240119,0.0,177229.0464,0.0
600592.SH,20240119,102.25,387966.5174,0.0002635536712942126
600601.SH,20240119,269.54,1105127.7211,0.00024389941076829625
600629.SH,20240119,102.24,452491.639,0.00022594892631817225
600817.SH,20240119,0.0,466843.9941,0.0
600959.SH,20240119,908.88,1460209.5643,0.0006224312059178313
601188.SH,20240119,613.13,597408.8712,0.0010263155261963574
601336.SH,20240119,649.87,6012321.6172,0.00010808969336252027
603338.SH,20240119,455.45,2724151.589,0.0001671896680930262
603368.SH,20240119,0.0,643376.8006,0.0
603636.SH,20240119,292.25,647509.7615,0.0004513445470273424
603668.SH,20240119,646.94,686912.5872,0.0009418083349397679
603733.SH,20240119,190.26,1052609.5465,0.0001807507832630131
603927.SH,20240119,0.0,1476876.8,0.0
603988.SH,20240119,0.65,248606.4,2.61457468512476e-06
688128.SH,20240119,0.0,704234.5,0.0
688296.SH,20240119,0.0,89395.8941,0.0
688737.SH,20240119,0.0,220413.186,0.0
002004.SZ,20240122,755.31,798080.9977,0.0009464076981869481
002098.SZ,20240122,0.0,220528.0,0.0
002194.SZ,20240122,0.0,429824.6375,0.0
002210.SZ,20240122,108.84,428456.931,0.00025402786633879897
002272.SZ,20240122,0.0,186765.5222,0.0
002300.SZ,20240122,1754.94,585764.2805,0.0029959832963901596
002385.SZ,20240122,911.97,1614202.8898,0.0005649661549750993
002444.SZ,20240122,727.54,2362327.2186,0.0003079759629706025
002595.SZ,20240122,0.0,1438004.6821,0.0
002698.SZ,20240122,792.05,1012244.5667,0.0007824690060645598
002747.SZ,20240122,146.4,1131364.5872,0.0001294012572572415
002937.SZ,20240122,0.0,613090.5084,0.0
002979.SZ,20240122,0.0,344421.7566,0.0
003001.SZ,20240122,0.0,77123.9687,0.0
003012.SZ,20240122,0.0,876175.9853,0.0
300063.SZ,20240122,1976.83,323253.8752,0.006115410058972743
300148.SZ,20240122,103.79,258124.6459,0.0004020925612822313
300154.SZ,20240122,0.0,199962.2097,0.0
300223.SZ,20240122,1805.82,2170922.5465,0.0008318214774227551
300296.SZ,20240122,511.91,995810.7939,0.0005140635180254999
300425.SZ,20240122,0.0,279687.2075,0.0
300534.SZ,20240122,0.0,249745.1292,0.0
300690.SZ,20240122,422.06,180933.6728,0.00233267801105511
300757.SZ,20240122,865.7,644800.0,0.0013425868486352359
300814.SZ,20240122,1769.44,168236.352,0.01051758421390402
301267.SZ,20240122,100.09,942094.7269,0.00010624197030520499
301277.SZ,20240122,0.0,88070.4,0.0
301315.SZ,20240122,454.51,114730.0,0.003961561928004881
301383.SZ,20240122,103.28,148787.2,0.0006941457329662766
600561.SH,20240122,163.79,164712.0672,0.0009944019450689038
600592.SH,20240122,435.76,363593.7496,0.0011984804482458573
600601.SH,20240122,143.85,1046743.615,0.0001374262024994535
600629.SH,20240122,0.0,423207.2114,0.0
600817.SH,20240122,0.0,442051.1492,0.0
600959.SH,20240122,293.05,1385198.799,0.00021155808120217694
601188.SH,20240122,126.52,563196.0284,0.0002246464705360838
601336.SH,20240122,1926.78,5891366.1355,0.0003270514776512824
603338.SH,20240122,0.0,2640604.189,0.0
603368.SH,20240122,0.0,609154.6304,0.0
603636.SH,20240122,44.71,597883.1009,7.47805046382772e-05
603668.SH,20240122,839.2,652457.9241,0.0012862132085491827
603733.SH,20240122,0.0,987659.7958,0.0
603927.SH,20240122,420.95,1391992.0,0.00030240834717440906
603988.SH,20240122,0.0,229790.4,0.0
688128.SH,20240122,0.0,649222.5,0.0
688296.SH,20240122,0.0,83512.2154,0.0
688737.SH,20240122,0.0,202768.7477,0.0
002004.SZ,20240123,156.02,803727.7972,0.00019412044792221602
002098.SZ,20240123,0.0,214442.0,0.0
002194.SZ,20240123,531.12,431859.3103,0.0012298449687956165
002210.SZ,20240123,0.0,439101.8237,0.0
002272.SZ,20240123,0.0,180730.0116,0.0
002300.SZ,20240123,857.86,527260.0799,0.0016270148882932716
002385.SZ,20240123,1730.98,1637357.4395,0.0010571790607483906
002444.SZ,20240123,873.68,2358873.5238,0.00037038017985489754
002595.SZ,20240123,0.0,1463073.7548,0.0
002698.SZ,20240123,246.04,1024866.07,0.0002400703928075207
002747.SZ,20240123,1008.31,1142379.2633,0.0008826403212951248
002937.SZ,20240123,0.0,616286.7149,0.0
002979.SZ,20240123,529.34,347214.9461,0.0015245311469038747
003001.SZ,20240123,140.45,75642.7145,0.0018567551538621737
003012.SZ,20240123,0.0,892509.4924,0.0
300063.SZ,20240123,154.8,323253.8752,0.0004788805699675646
300148.SZ,20240123,0.0,263736.0512,0.0
300154.SZ,20240123,3.97,197726.2106,2.007826877353811e-05
300223.SZ,20240123,1099.56,2168427.7111,0.000507077083718975
300296.SZ,20240123,382.76,1004178.9518,0.0003811671209737061
300425.SZ,20240123,0.0,283048.8326,0.0
300534.SZ,20240123,0.0,252152.3111,0.0
300690.SZ,20240123,554.83,173371.9384,0.0032002295476440262
300757.SZ,20240123,1228.89,669760.0,0.0018348214285714287
300814.SZ,20240123,588.61,172452.42,0.0034131733263006686
301267.SZ,20240123,119.61,973662.2989,0.00012284546719651157
301277.SZ,20240123,141.59,88320.6,0.0016031367540528484
301315.SZ,20240123,1051.91,122496.0,0.008587300809822363
301383.SZ,20240123,576.36,149164.98,0.0038639096120282384
600561.SH,20240123,0.0,159875.9616,0.0
600592.SH,20240123,0.0,365591.5175,0.0
600601.SH,20240123,116.66,1042573.3218,0.00011189620678053302
600629.SH,20240123,2631.88,465716.8643,0.005651244783578691
600817.SH,20240123,0.0,440996.1346,0.0
600959.SH,20240123,431.38,1405201.6698,0.00030698796426949703
601188.SH,20240123,169.35,535562.5784,0.00031620954642860833
601336.SH,20240123,1826.08,5880938.9388,0.0003105082400961997
603338.SH,20240123,102.64,2649718.4508,3.8736190997579775e-05
603368.SH,20240123,104.33,617800.2313,0.00016887335859435443
603636.SH,20240123,0.0,607335.7982,0.0
603668.SH,20240123,903.33,658563.8138,0.0013716666191961975
603733.SH,20240123,0.0,998955.4047,0.0
603927.SH,20240123,707.82,1452539.2,0.00048729838065643947
603988.SH,20240123,0.0,222969.6,0.0
688128.SH,20240123,0.0,662166.5,0.0
688296.SH,20240123,0.0,80630.4135,0.0
688737.SH,20240123,0.0,207393.298,0.0
002004.SZ,20240124,84.22,818785.9292,0.00010285960834999654
002098.SZ,20240124,0.0,218380.0,0.0
002194.SZ,20240124,129.66,432876.6467,0.0002995310580703591
002210.SZ,20240124,0.0,452407.9396,0.0
002272.SZ,20240124,0.0,183747.7669,0.0
002300.SZ,20240124,2194.24,520037.339,0.004219389331195697
002385.SZ,20240124,1220.26,1657204.1963,0.0007363365376001613
002444.SZ,20240124,336.0,2365780.9133,0.00014202498553905296
002595.SZ,20240124,0.0,1473741.4453,0.0
002698.SZ,20240124,378.44,1024866.07,0.00036925800460932423
002747.SZ,20240124,578.29,1156540.9897,0.00050001686507454
002937.SZ,20240124,210.94,618030.1002,0.0003413102370446649
002979.SZ,20240124,117.91,345925.7817,0.0003408534611688933
003001.SZ,20240124,20.33,77025.2184,0.00026393953074464765
003012.SZ,20240124,236.27,919343.1111,0.00025699871696139806
300063.SZ,20240124,578.84,327005.3708,0.0017701238318621527
300148.SZ,20240124,0.0,264537.6806,0.0
300154.SZ,20240124,0.0,200281.6382,0.0
300223.SZ,20240124,3362.23,2159279.9816,0.0015571070118978404
300296.SZ,20240124,2.28,1020915.2677,2.233290138893277e-06
300425.SZ,20240124,223.46,300529.283,0.0007435548302293059
300534.SZ,20240124,0.0,255462.1864,0.0
300690.SZ,20240124,7.97,174796.613,4.559584915984613e-05
300757.SZ,20240124,126.91,653432.0,0.00019422066871533687
300814.SZ,20240124,729.56,170877.744,0.004269485205750375
301267.SZ,20240124,104.8,972675.8123,0.00010774401776496195
301277.SZ,20240124,0.0,89821.8,0.0
301315.SZ,20240124,11657.24,147004.0,0.07929879459062339
301383.SZ,20240124,112.87,144282.9,0.0007822825851157691
600561.SH,20240124,0.0,168125.7888,0.0
600592.SH,20240124,191.97,375979.9103,0.0005105857912642839
600601.SH,20240124,297.8,1063424.7882,0.0002800386104447212
600629.SH,20240124,6710.94,512005.1531,0.013107172768414076
600817.SH,20240124,0.0,439413.6126,0.0
600959.SH,20240124,586.32,1450208.1289,0.00040430058852637294
601188.SH,20240124,37.27,546089.607,6.824887257010187e-05
601336.SH,20240124,8131.39,6149960.6137,0.0013221857034150847
603338.SH,20240124,13.09,2645667.6678,4.947711369540591e-06
603368.SH,20240124,155.29,628967.4658,0.00024689671317495353
603636.SH,20240124,295.87,612652.9404,0.0004829324736560099
603668.SH,20240124,105.71,657691.5438,0.0001607288416530801
603733.SH,20240124,0.0,1016604.7934,0.0
603927.SH,20240124,547.37,1459068.8,0.00037515023280601983
603988.SH,20240124,0.0,224616.0,0.0
688128.SH,20240124,0.0,684818.5,0.0
688296.SH,20240124,0.0,80690.4511,0.0
688737.SH,20240124,0.0,205970.3595,0.0
002004.SZ,20240125,0.0,850784.4598,0.0
002098.SZ,20240125,0.0,224824.0,0.0
002194.SZ,20240125,666.14,451697.3705,0.0014747484566107298
002210.SZ,20240125,302.84,460391.6091,0.0006577878354299485
002272.SZ,20240125,112.0,191124.5021,0.0005860054507370251
002300.SZ,20240125,1756.82,527260.0799,0.003331979922191716
002385.SZ,20240125,3763.59,1703513.2956,0.002209310611030138
002444.SZ,20240125,744.81,2401469.0926,0.0003101476518249152
002595.SZ,20240125,169.21,1511078.3622,0.00011197963271318689
002698.SZ,20240125,0.0,1068620.6149,0.0
002747.SZ,20240125,1478.12,1184077.6799,0.0012483302616808324
002937.SZ,20240125,115.66,645633.7013,0.00017914182572427
002979.SZ,20240125,395.48,351297.3001,0.001125770109498203
003001.SZ,20240125,0.0,81222.1053,0.0
003012.SZ,20240125,0.0,950843.4461,0.0
300063.SZ,20240125,711.42,335133.6114,0.00212279513543296
300148.SZ,20240125,0.0,274958.8619,0.0
300154.SZ,20240125,0.0,208906.2063,0.0
300223.SZ,20240125,2732.86,2211671.5236,0.0012356536541880537
300296.SZ,20240125,1415.75,1058571.9784,0.0013374149598592852
300425.SZ,20240125,124.25,321371.3586,0.000386624372941242
300534.SZ,20240125,202.54,267498.0962,0.0007571642672498391
300690.SZ,20240125,74.26,177865.1429,0.00041750732487112855
300757.SZ,20240125,468.54,659880.0,0.000710038188761593
300814.SZ,20240125,1512.41,183881.52,0.008224915695715372
301267.SZ,20240125,216.33,1001283.9244,0.00021605260478902783
301277.SZ,20240125,0.0,93224.52,0.0
301315.SZ,20240125,2180.01,144892.0,0.015045758219915524
301383.SZ,20240125,1551.74,144311.96,0.010752677740639099
600561.SH,20240125,0.0,178366.9536,0.0
600592.SH,20240125,9.72,391162.946,2.4848979432729808e-05
600601.SH,20240125,691.62,1105127.7211,0.0006258281163299289
600629.SH,20240125,17582.82,563016.7366,0.03122965776502638
600817.SH,20240125,0.0,459986.3987,0.0
600959.SH,20240125,1152.48,1515217.4589,0.0007606036963411602
601188.SH,20240125,390.53,560564.2712,0.0006966730133620403
601336.SH,20240125,9784.49,6510741.6195,0.0015028226539807628
603338.SH,20240125,1603.55,2699846.8908,0.0005939410880906831
603368.SH,20240125,165.97,649500.7679,0.0002555347248266125
603636.SH,20240125,0.0,634512.3028,0.0
603668.SH,20240125,6989.13,720058.8454,0.009706331704206018
603733.SH,20240125,204.33,1042019.9133,0.00019609030249038333
603927.SH,20240125,1288.31,1565323.2,0.0008230313075280555
603988.SH,20240125,0.0,237081.6,0.0
688128.SH,20240125,256.56,756415.0,0.00033917888989509727
688296.SH,20240125,0.0,86634.1673,0.0
688737.SH,20240125,0.0,210239.1752,0.0
002004.SZ,20240126,106.77,852666.7263,0.00012521891227456472
002098.SZ,20240126,0.0,226614.0,0.0
002194.SZ,20240126,182.91,446102.0202,0.00041001831804750923
002210.SZ,20240126,102.05,468375.2786,0.0002178808418433893
002272.SZ,20240126,0.0,193471.6451,0.0
002300.SZ,20240126,991.05,531593.7244,0.0018642996606451287
002385.SZ,20240126,1489.3,1686974.3316,0.00088282315391692
002444.SZ,20240126,584.86,2309370.5655,0.00025325515477563575
002595.SZ,20240126,126.06,1494543.4419,8.434682891501704e-05
002698.SZ,20240126,361.79,1034963.2727,0.0003495679600843869
002747.SZ,20240126,938.69,1158114.5148,0.0008105329723478224
002937.SZ,20240126,110.14,612509.38,0.0001798176543843296
002979.SZ,20240126,269.93,340769.1241,0.0007921198867793785
003001.SZ,20240126,0.0,83197.1109,0.0
003012.SZ,20240126,317.82,962510.2369,0.0003301990854908901
300063.SZ,20240126,815.62,335758.8607,0.002429183844320806
300148.SZ,20240126,742.2,278165.3792,0.0026681968911248318
300154.SZ,20240126,0.0,209864.4917,0.0
300223.SZ,20240126,2172.67,2124352.2869,0.001022744680059873
300296.SZ,20240126,498.65,1048111.781,0.00047576032350694474
300425.SZ,20240126,127.58,326077.6337,0.00039125651935200485
300534.SZ,20240126,110.86,271409.7669,0.0004084598769831522
300690.SZ,20240126,0.0,174796.613,0.0
300757.SZ,20240126,404.82,634504.0,0.0006380101622684806
300814.SZ,20240126,805.2,176008.14,0.0045747884160357586
301267.SZ,20240126,350.41,997995.6356,0.0003511137599207353
301277.SZ,20240126,0.0,92624.04,0.0
301315.SZ,20240126,2904.73,141966.0,0.02046074412183199
301383.SZ,20240126,121.99,139052.1,0.0008772970706663185
600561.SH,20240126,0.0,181496.1984,0.0
600592.SH,20240126,225.59,391162.946,0.0005767161800647652
600601.SH,20240126,166.1,1100957.4278,0.0001508686855693513
600629.SH,20240126,15977.89,619696.2738,0.025783421129875448
600817.SH,20240126,0.0,461041.4134,0.0
600959.SH,20240126,144.35,1530219.6119,9.433286495444112e-05
601188.SH,20240126,1.58,557932.5141,2.8318837136579058e-06
601336.SH,20240126,4128.68,6542023.2096,0.0006311013990200198
603338.SH,20240126,271.53,2724657.9369,9.965654635859915e-05
603368.SH,20240126,429.1,652022.4015,0.0006581062230574297
603636.SH,20240126,207.91,633921.5092,0.0003279743579964332
603668.SH,20240126,684.06,714825.2257,0.0009569611919195034
603733.SH,20240126,91.77,1026488.4512,8.940188259567629e-05
603927.SH,20240126,729.2,1533268.8,0.00047558523332634175
603988.SH,20240126,0.0,244843.2,0.0
688128.SH,20240126,0.0,728504.5,0.0
688296.SH,20240126,0.0,84292.7034,0.0
688737.SH,20240126,0.0,204405.127,0.0
002004.SZ,20240129,103.65,841373.1273,0.000123191479067815
002098.SZ,20240129,0.0,219096.0,0.0
002194.SZ,20240129,111.36,417616.6004,0.00026665606657718484
002210.SZ,20240129,0.0,449746.7164,0.0
002272.SZ,20240129,0.0,187100.8284,0.0
002300.SZ,20240129,804.88,515703.6945,0.0015607411941858797
002385.SZ,20240129,847.78,1660511.9891,0.0005105533748416343
002444.SZ,20240129,681.42,2225330.6596,0.00030621067348368094
002595.SZ,20240129,0.0,1483875.7513,0.0
002698.SZ,20240129,131.76,1040011.874,0.0001266908612237633
002747.SZ,20240129,0.0,1115629.3356,0.0
002937.SZ,20240129,50.17,605826.4029,8.281250166688634e-05
002979.SZ,20240129,0.0,330455.8089,0.0
003001.SZ,20240129,2.37,81370.2307,2.912613101390654e-05
003012.SZ,20240129,103.9,948510.088,0.00010954021608676872
300063.SZ,20240129,112.43,317001.3824,0.0003546672230537251
300148.SZ,20240129,0.0,264537.6806,0.0
300154.SZ,20240129,0.0,202517.6373,0.0
300223.SZ,20240129,3098.55,2129341.9576,0.0014551678695574116
300296.SZ,20240129,0.0,1025099.3467,0.0
300425.SZ,20240129,429.66,330783.9089,0.001298914452727782
300534.SZ,20240129,0.0,259373.8571,0.0
300690.SZ,20240129,0.0,162522.4935,0.0
300757.SZ,20240129,652.35,582400.0,0.0011201064560439561
300814.SZ,20240129,445.03,151372.08,0.002939974135256647
301267.SZ,20240129,0.0,985500.1384,0.0
301277.SZ,20240129,0.0,90922.68,0.0
301315.SZ,20240129,240.24,126148.0,0.0019044297174747123
301383.SZ,20240129,84.9,133617.88,0.000635394005652537
600561.SH,20240129,0.0,174953.232,0.0
600592.SH,20240129,0.0,378377.2317,0.0
600601.SH,20240129,948.31,1042573.3218,0.0009095859064979192
600629.SH,20240129,16416.49,557348.7829,0.029454608144260472
600817.SH,20240129,0.0,448381.2373,0.0
600959.SH,20240129,350.97,1515217.4589,0.00023163011879152526
601188.SH,20240129,168.37,534246.6998,0.00031515402914614323
601336.SH,20240129,5433.54,6521168.8162,0.0008332156631955159
603338.SH,20240129,187.07,2575791.6605,7.262621541514226e-05
603368.SH,20240129,503.81,650221.2347,0.0007748285862002777
603636.SH,20240129,0.0,609698.9725,0.0
603668.SH,20240129,365.14,708719.336,0.0005152110030761175
603733.SH,20240129,166.62,1000367.3558,0.00016655881365376318
603927.SH,20240129,101.12,1515460.8,6.672557944091988e-05
603988.SH,20240129,0.0,227908.8,0.0
688128.SH,20240129,98.37,770572.5,0.0001276583319544884
688296.SH,20240129,0.0,79849.9255,0.0
688737.SH,20240129,0.0,194373.41,0.0
002004.SZ,20240130,0.0,822550.4622,0.0
002098.SZ,20240130,0.0,210504.0,0.0
002194.SZ,20240130,225.64,399304.5449,0.0005650824737206742
002210.SZ,20240130,0.0,436440.6005,0.0
002272.SZ,20240130,0.0,180730.0116,0.0
002300.SZ,20240130,1516.19,498369.1166,0.0030423032838467826
002385.SZ,20240130,1755.88,1630741.8539,0.0010767369438643682
002444.SZ,20240130,83.78,2187340.0172,3.8302229804786474e-05
002595.SZ,20240130,0.0,1482275.5978,0.0
002698.SZ,20240130,23.96,1002988.7976,2.388860180426007e-05
002747.SZ,20240130,637.34,1081798.5448,0.0005891485092705775
002937.SZ,20240130,0.0,584324.6504,0.0
002979.SZ,20240130,172.94,319712.7722,0.0005409230254079915
003001.SZ,20240130,0.0,76926.4681,0.0
003012.SZ,20240130,0.0,908842.9994,0.0
300063.SZ,20240130,611.6,302620.6491,0.0020210121213437055
300148.SZ,20240130,0.0,252513.2405,0.0
300154.SZ,20240130,0.0,194851.3545,0.0
300223.SZ,20240130,636.88,2052002.0622,0.00031037005845753674
300296.SZ,20240130,0.0,993718.7544,0.0
300425.SZ,20240130,689.31,329439.2588,0.0020923735759692036
300534.SZ,20240130,0.0,250647.8224,0.0
300690.SZ,20240130,0.0,154741.5784,0.0
300757.SZ,20240130,0.0,561080.0,0.0
300814.SZ,20240130,32.67,133593.48,0.000244547862665154
301267.SZ,20240130,0.0,955247.8819,0.0
301277.SZ,20240130,0.0,87770.16,0.0
301315.SZ,20240130,189.4,111804.0,0.0016940359915566527
301383.SZ,20240130,271.45,130770.0,0.002075781907165252
600561.SH,20240130,102.86,163289.6832,0.00062992344638219
600592.SH,20240130,6.57,364792.4103,1.8010243125938194e-05
600601.SH,20240130,232.43,1017551.562,0.0002284208571634034
600629.SH,20240130,31101.29,613083.6611,0.050729275584017026
600817.SH,20240130,0.0,436248.5685,0.0
600959.SH,20240130,210.94,1485213.1527,0.000142026751928858
601188.SH,20240130,334.13,506613.2498,0.000659536638909281
601336.SH,20240130,3098.32,6300112.2461,0.0004917880632869634
603338.SH,20240130,0.0,2511991.8277,0.0
603368.SH,20240130,0.0,636172.1332,0.0
603636.SH,20240130,0.0,591975.1652,0.0
603668.SH,20240130,658.5,692582.3419,0.0009507894731960679
603733.SH,20240130,248.3,964362.6027,0.00025747576617427453
603927.SH,20240130,480.87,1460256.0,0.00032930527250016437
603988.SH,20240130,0.0,219676.8,0.0
688128.SH,20240130,115.64,719605.5,0.00016069916085966547
688296.SH,20240130,0.0,77928.7243,0.0
688737.SH,20240130,0.0,190602.6228,0.0
002004.SZ,20240131,0.0,794316.4647,0.0
002098.SZ,20240131,0.0,200122.0,0.0
002194.SZ,20240131,537.65,377431.8118,0.0014244957186727522
002210.SZ,20240131,117.37,420473.2615,0.0002791378447735136
002272.SZ,20240131,175.78,168994.2966,0.0010401534462199122
002300.SZ,20240131,562.26,483201.3609,0.0011636142724282628
002385.SZ,20240131,550.82,1570210.3319,0.0003507937687134512
002444.SZ,20240131,899.31,2145895.68,0.0004190837459535777
002595.SZ,20240131,318.5,1424670.0689,0.00022356053303338968
002698.SZ,20240131,565.77,1024866.07,0.0005520428635128881
002747.SZ,20240131,451.24,1028298.6894,0.00043882191492755195
002937.SZ,20240131,0.0,560788.9485,0.0
002979.SZ,20240131,5.01,299515.8632,1.672699384424457e-05
003001.SZ,20240131,0.0,71840.8287,0.0
003012.SZ,20240131,100.65,868009.2318,0.00011595498793403503
300063.SZ,20240131,826.1,287614.6665,0.002872245737857739
300148.SZ,20240131,0.0,239687.1712,0.0
300154.SZ,20240131,0.0,183351.9303,0.0
300223.SZ,20240131,1711.67,1977157.0022,0.0008657228526087761
300296.SZ,20240131,328.19,945601.8463,0.0003470699653180235
300425.SZ,20240131,33690.6,395327.1106,0.08522208342571484
300534.SZ,20240131,0.0,238010.1171,0.0
300690.SZ,20240131,0.0,145316.8081,0.0
300757.SZ,20240131,410.21,525928.0,0.0007799736846108213
300814.SZ,20240131,58.46,128971.044,0.0004532800401305583
301267.SZ,20240131,362.09,914473.1014,0.00039595478472320646
301277.SZ,20240131,0.0,80664.48,0.0
301315.SZ,20240131,527.54,112838.0,0.004675198071571633
301383.SZ,20240131,247.08,122342.6,0.002019574539040367
600561.SH,20240131,0.55,151057.1808,3.6410053271694586e-06
600592.SH,20240131,105.38,346412.9461,0.00030420341152486737
600601.SH,20240131,776.0,963337.7493,0.0008055326395792886
600629.SH,20240131,23992.65,674486.4932,0.03557172788764156
600817.SH,20240131,0.0,420423.3484,0.0
600959.SH,20240131,117.54,1460209.5643,8.049529524643725e-05
601188.SH,20240131,0.0,472400.407,0.0
601336.SH,20240131,4261.6,6381444.3804,0.0006678111953916107
603338.SH,20240131,607.15,2616299.4908,0.00023206441087306426
603368.SH,20240131,0.0,611676.264,0.0
603636.SH,20240131,200.8,558299.9312,0.00035966330780017123
603668.SH,20240131,836.53,689093.2621,0.0012139575961760082
603733.SH,20240131,355.68,933299.6784,0.0003810994562965661
603927.SH,20240131,309.69,1400896.0,0.00022106566083420897
603988.SH,20240131,0.0,207916.8,0.0
688128.SH,20240131,144.39,707875.0,0.00020397669079992936
688296.SH,20240131,0.0,72885.5711,0.0
688737.SH,20240131,0.0,181211.2282,0.0
002004.SZ,20240201,0.0,790551.9317,0.0
002098.SZ,20240201,105.6,193320.0,0.0005462445685909372
002194.SZ,20240201,4.62,372853.7979,1.2390915758457934e-05
002210.SZ,20240201,0.0,407167.1456,0.0
002272.SZ,20240201,249.95,163964.7044,0.0015244134456537343
002300.SZ,20240201,427.14,475978.62,0.000897393248461454
002385.SZ,20240201,316.41,1550334.2517,0.00020409147230866152
002444.SZ,20240201,0.0,2134383.3642,0.0
002595.SZ,20240201,0.0,1440138.2202,0.0
002698.SZ,20240201,488.68,1011403.1331,0.00048317034425449324
002747.SZ,20240201,393.39,1026725.1643,0.0003831502467052175
002937.SZ,20240201,0.0,546260.7374,0.0
002979.SZ,20240201,125.2,300805.0276,0.0004162164475737639
003001.SZ,20240201,0.0,69174.5711,0.0
003012.SZ,20240201,0.0,856342.4411,0.0
300063.SZ,20240201,0.0,281362.1738,0.0
300148.SZ,20240201,0.0,233274.1365,0.0
300154.SZ,20240201,0.0,178879.932,0.0
300223.SZ,20240201,2698.86,2007926.638,0.001344102891472273
300296.SZ,20240201,142.97,941417.7674,0.00015186668974269881
300425.SZ,20240201,5832.89,352970.6345,0.016525142405295477
300534.SZ,20240201,114.16,234700.2419,0.00048640767932672503
300690.SZ,20240201,0.0,144659.266,0.0
300757.SZ,20240201,450.98,540384.0,0.0008345546870373661
300814.SZ,20240201,115.4,131866.416,0.0008751280538329032
301267.SZ,20240201,115.27,921049.6789,0.00012515068691806695
301277.SZ,20240201,0.0,82465.92,0.0
301315.SZ,20240201,519.14,117392.0,0.004422277497614829
301383.SZ,20240201,322.99,119087.88,0.0027121987560782845
600561.SH,20240201,0.0,143945.2608,0.0
600592.SH,20240201,114.56,338821.4282,0.000338113207917822
600601.SH,20240201,159.53,950826.8694,0.00016778028170435296
600629.SH,20240201,10556.78,607415.7074,0.017379827145378824
600817.SH,20240201,0.0,411983.231,0.0
600959.SH,20240201,206.35,1435205.9759,0.00014377727201881282
601188.SH,20240201,0.0,457925.7427,0.0
601336.SH,20240201,2888.94,6181242.2038,0.00046737207583032197
603338.SH,20240201,583.97,2617312.1866,0.00022311820614666602
603368.SH,20240201,107.43,602310.1963,0.0001783632431593289
603636.SH,20240201,129.61,546484.0597,0.00023717068723130044
603668.SH,20240201,289.27,677753.7527,0.00042680693223404707
603733.SH,20240201,0.0,916356.2652,0.0
603927.SH,20240201,658.3,1417516.8,0.00046440366703237655
603988.SH,20240201,0.0,202036.8,0.0
688128.SH,20240201,115.14,677133.0,0.00017004044995591708
688296.SH,20240201,0.0,70243.9195,0.0
688737.SH,20240201,0.0,176017.5023,0.0
002004.SZ,20240202,523.9,767964.7336,0.0006821927844838732
002098.SZ,20240202,103.0,184370.0,0.0005586592178770949
002194.SZ,20240202,0.0,362171.7655,0.0
002210.SZ,20240202,0.0,391199.8066,0.0
002272.SZ,20240202,284.83,152564.2955,0.0018669505801899762
002300.SZ,20240202,1415.02,437698.0937,0.0032328676326606534
002385.SZ,20240202,1213.01,1523832.8115,0.0007960256472007329
002444.SZ,20240202,875.44,2180432.6277,0.0004014983030791674
002595.SZ,20240202,168.75,1440671.6047,0.00011713287014853038
002698.SZ,20240202,540.85,954185.6514,0.0005668184165277001
002747.SZ,20240202,521.06,993681.136,0.0005243734444808862
002937.SZ,20240202,0.0,530279.7052,0.0
002979.SZ,20240202,293.9,284475.6118,0.0010331289847321807
003001.SZ,20240202,20.48,63496.43,0.0003225378182678932
003012.SZ,20240202,0.0,827175.4642,0.0
300063.SZ,20240202,259.06,271358.1854,0.0009546791434285586
300148.SZ,20240202,0.0,226861.1018,0.0
300154.SZ,20240202,0.0,166741.6509,0.0
300223.SZ,20240202,1878.75,1898569.6892,0.0009895607259966573
300296.SZ,20240202,449.11,901669.0172,0.0004980874261318691
300425.SZ,20240202,1875.66,314648.1084,0.005961135471424941
300534.SZ,20240202,0.0,222965.2298,0.0
300690.SZ,20240202,0.0,136549.5798,0.0
300757.SZ,20240202,148.58,493480.0,0.00030108616357299185
300814.SZ,20240202,0.0,135269.748,0.0
301267.SZ,20240202,399.05,873040.6631,0.0004570806571403558
301277.SZ,20240202,0.0,77912.28,0.0
301315.SZ,20240202,191.41,119680.0,0.0015993482620320855
301383.SZ,20240202,185.6,109585.26,0.0016936584354501692
600561.SH,20240202,0.0,135695.4336,0.0
600592.SH,20240202,159.96,327234.3746,0.0004888239513209136
600601.SH,20240202,509.27,904953.6433,0.0005627581078550037
600629.SH,20240202,11976.06,546957.5344,0.021895776631247005
600817.SH,20240202,0.0,387190.3861,0.0
600959.SH,20240202,706.28,1420203.8228,0.0004973088993715952
601188.SH,20240202,0.0,440819.3213,0.0
601336.SH,20240202,2863.37,6089482.8728,0.00047021562582758296
603338.SH,20240202,212.21,2614780.4472,8.115786555893901e-05
603368.SH,20240202,0.0,583217.8276,0.0
603636.SH,20240202,813.5,518125.9679,0.0015700815060421913
603668.SH,20240202,364.94,668158.7832,0.0005461875368190177
603733.SH,20240202,1322.99,876821.6343,0.001508847350757025
603927.SH,20240202,443.1,1351033.6,0.00032797111781675893
603988.SH,20240202,0.0,189806.4,0.0
688128.SH,20240202,101.49,656908.0,0.00015449652006064776
688296.SH,20240202,0.0,64960.6161,0.0
688737.SH,20240202,0.0,166910.6954,0.0
002004.SZ,20240205,0.0,734083.9366,0.0
002098.SZ,20240205,139.5,166112.0,0.0008397948372182624
002194.SZ,20240205,0.0,326056.3226,0.0
002210.SZ,20240205,0.0,356603.9053,0.0
002272.SZ,20240205,124.97,137475.519,0.0009090345750940573
002300.SZ,20240205,290.31,396528.471,0.0007321290177925206
002385.SZ,20240205,1279.31,1447641.1709,0.0008837203760961368
002444.SZ,20240205,281.85,2233389.2807,0.00012619833113538593
002595.SZ,20240205,4.53,1463607.1393,3.095092855427424e-06
002698.SZ,20240205,314.97,891919.5683,0.00035313722357312253
002747.SZ,20240205,2333.79,911071.0653,0.0025615894180894914
002937.SZ,20240205,0.0,486695.0719,0.0
002979.SZ,20240205,0.0,257832.8808,0.0
003001.SZ,20240205,0.0,57127.037,0.0
003012.SZ,20240205,476.27,760674.7569,0.0006261151637803218
300063.SZ,20240205,258.88,230716.9825,0.001122067379673709
300148.SZ,20240205,0.0,198804.0751,0.0
300154.SZ,20240205,0.0,141187.3749,0.0
300223.SZ,20240205,310.96,1821645.5997,0.00017070279754262345
300296.SZ,20240205,119.4,845183.9511,0.00014127102134937832
300425.SZ,20240205,971.22,272291.6323,0.003566837481549741
300534.SZ,20240205,124.59,199796.1033,0.0006235857353680431
300690.SZ,20240205,0.0,118138.4005,0.0
300757.SZ,20240205,263.99,444912.0,0.000593353292336462
300814.SZ,20240205,418.64,116068.86,0.003606824431634807
301267.SZ,20240205,176.47,874355.9786,0.00020182855074950132
301277.SZ,20240205,258.53,69155.28,0.003738398572025158
301315.SZ,20240205,1708.01,125136.0,0.013649229638153688
301383.SZ,20240205,6.59,96682.62,6.816116485051812e-05
600561.SH,20240205,0.0,122040.5472,0.0
600592.SH,20240205,0.0,294470.9818,0.0
600601.SH,20240205,934.86,838228.9507,0.0011152800189247866
600629.SH,20240205,584.62,492167.315,0.001187848079671849
600817.SH,20240205,8.37,355012.4385,2.357663870980115e-05
600959.SH,20240205,1240.03,1345193.0575,0.0009218230744548724
601188.SH,20240205,0.0,397395.3284,0.0
601336.SH,20240205,1782.4,6047774.086,0.0002947200035342061
603338.SH,20240205,688.84,2688707.2375,0.0002561974730430278
603368.SH,20240205,0.0,560523.1253,0.0
603636.SH,20240205,49.23,466136.133,0.0001056129240253512
603668.SH,20240205,324.8,628034.3654,0.0005171691517121557
603733.SH,20240205,0.0,833051.1502,0.0
603927.SH,20240205,886.52,1313636.8,0.0006748592913962215
603988.SH,20240205,82.08,170755.2,0.00048068814302580534
688128.SH,20240205,277.55,597851.0,0.00046424610814400246
688296.SH,20240205,0.0,53073.1836,0.0
688737.SH,20240205,0.0,141013.2133,0.0
002004.SZ,20240206,0.0,796198.7312,0.0
002098.SZ,20240206,376.6,155372.0,0.0024238601549828797
002194.SZ,20240206,130.3,344368.3782,0.00037837388171664603
002210.SZ,20240206,0.0,372571.2444,0.0
002272.SZ,20240206,0.0,123727.9671,0.0
002300.SZ,20240206,595.91,407362.5822,0.0014628491325387124
002385.SZ,20240206,4095.41,1586773.732,0.00258096659744806
002444.SZ,20240206,1144.52,2433703.577,0.00047027912964274694
002595.SZ,20240206,403.35,1609754.4995,0.00025056615783666586
002698.SZ,20240206,385.2,973538.6231,0.0003956699722640927
002747.SZ,20240206,2816.49,996041.4237,0.002827683601287957
002937.SZ,20240206,62.77,514298.6729,0.00012204970245413208
002979.SZ,20240206,1002.94,284516.2783,0.0035250707129750895
003001.SZ,20240206,311.67,51695.7716,0.006028926358069874
003012.SZ,20240206,0.0,824842.106,0.0
300063.SZ,20240206,102.3,231967.481,0.0004410100914101835
300148.SZ,20240206,0.0,202812.2218,0.0
300154.SZ,20240206,0.0,142784.5172,0.0
300223.SZ,20240206,1383.12,1940566.084,0.0007127404788756475
300296.SZ,20240206,648.05,970706.3201,0.0006676066556703157
300425.SZ,20240206,612.89,274308.6073,0.0022343083071021085
300534.SZ,20240206,165.74,212132.9109,0.0007813026243633185
300690.SZ,20240206,0.0,123069.9664,0.0
300757.SZ,20240206,1014.28,468520.0,0.0021648595577563393
300814.SZ,20240206,225.89,122723.136,0.0018406472272677256
301267.SZ,20240206,711.11,926639.7698,0.0007674071663829855
301277.SZ,20240206,0.0,73158.48,0.0
301315.SZ,20240206,2644.4,130988.0,0.020188108834397044
301383.SZ,20240206,0.0,103163.0,0.0
600561.SH,20240206,139.27,109808.0448,0.0012683041598059671
600592.SH,20240206,620.67,299665.1783,0.002071211621987779
600601.SH,20240206,61.49,896613.0567,6.858030846251004e-05
600629.SH,20240206,4429.58,446823.6852,0.009913485221843831
600817.SH,20240206,0.0,375585.2247,0.0
600959.SH,20240206,480.72,1440206.6936,0.00033378542270094056
601188.SH,20240206,0.0,403974.7213,0.0
601336.SH,20240206,4273.05,6266745.2167,0.0006818611340082758
603338.SH,20240206,330.84,2813775.1636,0.00011757869082073944
603368.SH,20240206,209.78,603751.1298,0.0003474610475171984
603636.SH,20240206,327.2,476179.6239,0.0006871356596911285
603668.SH,20240206,475.06,655947.0039,0.0007242353378786429
603733.SH,20240206,335.79,908590.5341,0.00036957241727442734
603927.SH,20240206,753.33,1412768.0,0.0005332298013545041
603988.SH,20240206,0.0,161582.4,0.0
688128.SH,20240206,345.96,637492.0,0.0005426891631581259
688296.SH,20240206,0.0,50371.4944,0.0
688737.SH,20240206,0.0,144214.8251,0.0
002004.SZ,20240207,100.5,837608.5943,0.00011998444223699627
002098.SZ,20240207,106.34,148212.0,0.000717485763635873
002194.SZ,20240207,0.0,357593.7516,0.0
002210.SZ,20240207,0.0,367248.798,0.0
002272.SZ,20240207,254.25,112327.5582,0.002263469482237886
002300.SZ,20240207,852.34,397973.0192,0.002141702977034379
002385.SZ,20240207,2749.11,1682841.4527,0.0016336120052125218
002444.SZ,20240207,4447.22,2537314.42,0.0017527272004389588
002595.SZ,20240207,411.06,1749501.2453,0.0002349583923442778
002698.SZ,20240207,0.0,1029073.2378,0.0
002747.SZ,20240207,10911.94,1095960.2712,0.00995651054764256
002937.SZ,20240207,0.0,492796.9205,0.0
002979.SZ,20240207,439.42,290366.9557,0.0015133264697447114
003001.SZ,20240207,0.0,47054.5084,0.0
003012.SZ,20240207,0.0,845842.3294,0.0
300063.SZ,20240207,221.16,211959.5042,0.0010434068565819941
300148.SZ,20240207,0.0,191589.4111,0.0
300154.SZ,20240207,0.0,134159.949,0.0
300223.SZ,20240207,3075.04,1968009.2726,0.001562512963131249
300296.SZ,20240207,420.05,1050203.8205,0.0003999699789703822
300425.SZ,20240207,251.31,252121.8818,0.0009967798042986049
300534.SZ,20240207,636.75,206114.956,0.0030892954706304766
300690.SZ,20240207,8.63,118905.533,7.257862424282645e-05
300757.SZ,20240207,1864.72,462800.0,0.004029213483146068
300814.SZ,20240207,31.98,118049.904,0.0002709023804034606
301267.SZ,20240207,0.0,898360.4865,0.0
301277.SZ,20240207,0.0,70606.44,0.0
301315.SZ,20240207,999.52,122078.0,0.008187552220711347
301383.SZ,20240207,426.04,93515.08,0.0045558427581947215
600561.SH,20240207,0.0,98713.4496,0.0
600592.SH,20240207,999.25,288877.2318,0.003459081886702017
600601.SH,20240207,366.07,950826.8694,0.00038500174088580507
600629.SH,20240207,341.68,404314.0323,0.0008450856826717167
600817.SH,20240207,0.0,378222.7613,0.0
600959.SH,20240207,232.76,1525218.8942,0.00015260760333164248
601188.SH,20240207,50.66,381604.7856,0.00013275514855073662
601336.SH,20240207,3872.08,6333479.2756,0.0006113669645872773
603338.SH,20240207,1235.82,2996566.7479,0.00041241197142231694
603368.SH,20240207,0.0,626445.8322,0.0
603636.SH,20240207,0.0,490358.6697,0.0
603668.SH,20240207,946.49,666850.3783,0.0014193438750276855
603733.SH,20240207,205.21,976364.187,0.00021017772131783446
603927.SH,20240207,414.31,1511305.6,0.0002741404518053794
603988.SH,20240207,0.06,145824.0,4.1145490454246213e-07
688128.SH,20240207,42.7,679155.5,6.287219937113077e-05
688296.SH,20240207,0.0,48510.3307,0.0
688737.SH,20240207,0.0,136246.369,0.0
002004.SZ,20240208,0.0,847019.9268,0.0
002098.SZ,20240208,0.0,158594.0,0.0
002194.SZ,20240208,811.17,390657.1853,0.002076424114347398
002210.SZ,20240208,252.49,393861.0298,0.0006410636770238801
002272.SZ,20240208,946.2,123727.9671,0.007647422180914505
002300.SZ,20240208,460.43,428308.5306,0.001074996100019307
002385.SZ,20240208,3781.06,1739157.0131,0.0021740762746086757
002444.SZ,20240208,4962.75,2500475.0091,0.001984722895425478
002595.SZ,20240208,839.34,1695096.0236,0.000495157789478753
002698.SZ,20240208,313.54,1050109.0766,0.00029857850673490694
002747.SZ,20240208,1794.59,1140805.7381,0.0015730899136156792
002937.SZ,20240208,278.6,542192.8383,0.0005138393212155419
002979.SZ,20240208,2863.12,319403.6513,0.008963955134347583
003001.SZ,20240208,28.86,51745.6152,0.0005577284159914675
003012.SZ,20240208,0.0,898342.8878,0.0
300063.SZ,20240208,745.65,230091.7332,0.0032406640153032668
300148.SZ,20240208,0.0,209225.2564,0.0
300154.SZ,20240208,0.0,152686.7991,0.0
300223.SZ,20240208,4642.31,2079029.445,0.0022329217179509453
300296.SZ,20240208,412.74,1081584.4127,0.00038160683082484663
300425.SZ,20240208,759.13,272291.6323,0.0027879299616655902
300534.SZ,20240208,103.82,226275.105,0.0004588220166774422
300690.SZ,20240208,0.0,130083.749,0.0
300757.SZ,20240208,624.98,516880.0,0.0012091394520971986
300814.SZ,20240208,387.98,127040.796,0.0030539796051026005
301267.SZ,20240208,1930.63,924666.7965,0.0020879196779939745
301277.SZ,20240208,103.93,76411.08,0.0013601430577869075
301315.SZ,20240208,221.76,125642.0,0.0017650148835580458
301383.SZ,20240208,1257.79,108393.8,0.01160389247355476
600561.SH,20240208,344.57,102696.1248,0.003355238580531132
600592.SH,20240208,238.19,316046.8747,0.0007536540275112552
600601.SH,20240208,693.6,992529.8023,0.0006988203259919383
600629.SH,20240208,641.39,432653.8009,0.0014824554844214707
600817.SH,20240208,0.0,408290.6796,0.0
600959.SH,20240208,780.68,1535220.3296,0.0005085133286395479
601188.SH,20240208,57.0,411869.9927,0.00013839318476769428
601336.SH,20240208,2751.58,6379358.9411,0.0004313254710081483
603338.SH,20240208,1468.86,2999604.8352,0.000489684502026102
603368.SH,20240208,0.0,646618.9009,0.0
603636.SH,20240208,2557.35,539394.5367,0.00474114924419849
603668.SH,20240208,1467.37,667286.5133,0.0021990104261859953
603733.SH,20240208,44.14,1030724.3045,4.282425456282622e-05
603927.SH,20240208,427.97,1553451.2,0.0002754962627728506
603988.SH,20240208,0.0,157113.6,0.0
688128.SH,20240208,252.92,708279.5,0.00035709066830255567
688296.SH,20240208,0.0,58236.4119,0.0
688737.SH,20240208,39.16,163495.6428,0.00023951708638439626
